Neighborhood,count,mean,median
NoRidge,41,335295.31707317074,301500.0
NridgHt,77,316270.6233766234,315000.0
StoneBr,25,310499.0,278000.0
Timber,38,242247.44736842104,228475.0
Veenker,11,238772.72727272726,218000.0
Somerst,86,225379.83720930232,225500.0
ClearCr,28,212565.42857142858,200250.0
Crawfor,51,210624.72549019608,200624.0
CollgCr,150,197965.77333333335,197200.0
Blmngtn,17,194870.88235294117,191000.0
